ProductName,ProductPrice,SKU,Categories,Image
Japera Halterneck Pink Gown,"1,200.00",BB-17-054,"New Arrivals,Shop All,Summer 23",https://bronxandbanco.com/wp-content/uploads/2022/09/japera-halterneck-pink-gown-01.jpg
Ivy Lime Gown,"1,200.00",BB-17-021G,"New Arrivals,Shop All,Summer 23",https://bronxandbanco.com/wp-content/uploads/2022/09/ivy-lime-gown-01.jpg
Nile Midi Dress,"5,500.00",BB-17-051,"New Arrivals,Shop All,Summer 23",https://bronxandbanco.com/wp-content/uploads/2022/09/nile-midi-dress-01.jpg
Cameroon Coffee Gown,"2,800.00",BB-17-047,"New Arrivals,Shop All,Summer 23",https://bronxandbanco.com/wp-content/uploads/2022/09/cameroon-coffee-gown-01.jpg
Taraji High Low Pink Gown,"1,200.00",BB-17-045,"New Arrivals,Shop All,Summer 23",https://bronxandbanco.com/wp-content/uploads/2022/09/taraji-high-low-pink-gown-01.jpg
Unika Mini Dress,"5,500.00",BB-17-050,"New Arrivals,Shop All,Summer 23",https://bronxandbanco.com/wp-content/uploads/2022/09/unika-mini-dress-01.jpg
Salma Neon Green Two Piece Set,750.00,BB-17-024G,"New Arrivals,Shop All,Summer 23",https://bronxandbanco.com/wp-content/uploads/2022/09/salma-neon-green-two-piece-set-01.jpg
Somalia Pink Gown,"1,500.00",BB-17-043,"New Arrivals,Shop All,Summer 23",https://bronxandbanco.com/wp-content/uploads/2022/09/somalia-pink-gown-01.jpg
Sierra Leone Issa One Sleeve Mini,"1,500.00",BB-17-042,"New Arrivals,Shop All,Summer 23",https://bronxandbanco.com/wp-content/uploads/2022/09/sierra-leone-issa-one-sleeve-mini-01.jpg
Japera Gown,"1,200.00",BB-17-041,"New Arrivals,Shop All,Summer 23",https://bronxandbanco.com/wp-content/uploads/2022/09/japera-gown-01.jpg
Cameroon Pink Gown,"2,800.00",BB-17-040,"New Arrivals,Shop All,Summer 23",https://bronxandbanco.com/wp-content/uploads/2022/09/cameroon-pink-gown-01.jpg
Taraji One Shoulder Gown,980.00,BB-17-036,"New Arrivals,Shop All,Summer 23",https://bronxandbanco.com/wp-content/uploads/2022/09/taraji-one-shoulder-gown-01.jpg
Somalia Green Two Piece,"1,800.00",BB-17-035,"New Arrivals,Shop All,Summer 23",https://bronxandbanco.com/wp-content/uploads/2022/09/somalia-green-two-piece-01.jpg
Cameroon Green Gown,"2,400.00",BB-17-032,"New Arrivals,Shop All,Summer 23",https://bronxandbanco.com/wp-content/uploads/2022/09/cameroon-green-gown-01.jpg
Capri Blanc Bralette,250.00,BB-CAP05-20,"Bridal,Shop All",https://bronxandbanco.com/wp-content/uploads/2020/07/bridal-dresses-sexy-215-750x1125.jpg
Zola Chain Gold Gown,"1,500.00",BB-17-030,"New Arrivals,Shop All,Summer 23",https://bronxandbanco.com/wp-content/uploads/2022/09/zola-chain-gold-gown-01.jpg
Nile Gown,"5,500.00",BB-17-001,"New Arrivals,Shop All,Summer 23",https://bronxandbanco.com/wp-content/uploads/2022/09/nile-gown-01.jpg
Twiggy Noir Blazer,430.00,BB-07-0009BL,"Fall 20,Shop All",https://bronxandbanco.com/wp-content/uploads/2020/08/womens-fall-dresses-designer-467-750x1123.jpg
Midnight Noir Gown,"1,100.00",BB-10-0028,"New Arrivals,Resort 23,Shop All",https://bronxandbanco.com/wp-content/uploads/2023/01/womens-fall-dresses-designer-01.jpg
Twiggy Mint Blazer,480.00,BB-07-03,"Shop All,Spring 21",https://bronxandbanco.com/wp-content/uploads/2020/12/spring-dresses-2021-designer-wear-84.jpg
Capri Lime Mini Dress,350.00,BB-08-0034,"New Arrivals,Shop All,Summer 21",https://bronxandbanco.com/wp-content/uploads/2020/12/resort-dresses-fashion-luxury-81.jpg
Carmen Bridal Gown,850.00,BB-CAP05-02,"Bridal,Shop All",https://bronxandbanco.com/wp-content/uploads/2020/07/bridal-dresses-sexy-228-750x1125.jpg
Casey Fuchsia Mini Dress,850.00,BB-16-029,"Best Sellers,New Arrivals,Resort 23",https://bronxandbanco.com/wp-content/uploads/2022/09/casey-fuchsia-mini-dress-01.jpg
Annabelle Gown,820.00,BB-10-0002,"Fall 20,Shop All",https://bronxandbanco.com/wp-content/uploads/2020/08/womens-fall-dresses-designer-511-750x1125.jpg
Mademoiselle Bridal Mini Dress,750.00,BB-CAP05-10,"Best Sellers,Bridal,Shop All",https://bronxandbanco.com/wp-content/uploads/2022/09/mademoiselle-bridal-mini-dress-01.jpg
Gigi Bridal Blazer,575.00,BB-CAP05-23,"Bridal,Shop All",https://bronxandbanco.com/wp-content/uploads/2020/07/bridal-dresses-sexy-284-750x1125.jpg
Zizi Neon Pink Blazer,680.00,BB-16-027,"Best Sellers,New Arrivals,Resort 23",https://bronxandbanco.com/wp-content/uploads/2022/09/zizi-neon-pink-blazer-01.png
Feather Mini Robe,550.00,BB-CAP05-18,"Bridal,Shop All",https://bronxandbanco.com/wp-content/uploads/2020/07/bridal-dresses-sexy-278-750x1125.jpg
Fire Blanc Mini Dress,850.00,BB-13-068,"Bridal,New Arrivals,Shop All",https://bronxandbanco.com/wp-content/uploads/2021/11/fire-blanc-mini-dress-01.jpg
Anna Halterneck Mini Dress,750.00,BB-15-041D,"Best Sellers,New Arrivals,Resort 23",https://bronxandbanco.com/wp-content/uploads/2022/09/anna-halterneck-mini-dress-01-2.jpg
Afiya Light Blue Feather Top,550.00,BB-16-052,"Best Sellers,New Arrivals,Resort 23",https://bronxandbanco.com/wp-content/uploads/2022/09/afiya-light-blue-feather-top-01-1.jpg
Coco Light Blue Midi Skirt,650.00,BB-16-053,"Best Sellers,New Arrivals,Resort 23",https://bronxandbanco.com/wp-content/uploads/2022/09/coco-light-blue-midi-skirt-01-1.jpg
Midnight Silver Mini Dress,750.00,BB-12-0100,"Bridal,Shop All",https://bronxandbanco.com/wp-content/uploads/2022/07/midnight-silver-mini-dress-01-750x1125.jpg
Mademoiselle Bridal Gown,"1,200.00",BB-CAP06-20,"Bridal,New Arrivals,Shop All",https://bronxandbanco.com/wp-content/uploads/2022/07/mademoiselle-bridal-gown-01-750x1125.jpg
Capri Linen Sky Pants,400.00,BB-CAP-06-13,"New Arrivals,Shop All,Summer 21 Runway",https://bronxandbanco.com/wp-content/uploads/2020/12/nyfw-summer-2021-runway-dresses-5.jpg
Farah Mini Light Blue Feather Dress,850.00,BB-14-080LB,"Best Sellers,New Arrivals,Resort 23",https://bronxandbanco.com/wp-content/uploads/2022/09/farah-mini-light-blue-feather-dress-01-1.jpg
Capri Blanc Sequin Blazer,750.00,BB-CAP06-15,"Bridal,Shop All",https://bronxandbanco.com/wp-content/uploads/2022/07/capri-blanc-sequin-blazer-01-750x1125.jpg
Donatella Crop Top,325.00,BB-08-0018,Spring 21,https://bronxandbanco.com/wp-content/uploads/2020/12/resort-dresses-fashion-luxury-27.jpg
Florence Strapless Light Blue Gown,750.00,BB-16-054,"Best Sellers,New Arrivals,Resort 23",https://bronxandbanco.com/wp-content/uploads/2022/09/florence-strapless-light-blue-gown-01-1.jpg
Jamilia Blanc Dress,"1,200.00",BB-13-061,"Bridal,New Arrivals,Shop All",https://bronxandbanco.com/wp-content/uploads/2021/11/jamilia-blanc-dress-01.jpg
Rosa Skirt,750.00,BB-CAP-07-42,"New Arrivals,Summer 22 Runway",https://bronxandbanco.com/wp-content/uploads/2021/09/summer-2022-collection-42.jpg
Anna Blanc Gown,"1,800.00",BB-CAP06-23,"Bridal,New Arrivals,Shop All",https://bronxandbanco.com/wp-content/uploads/2022/07/anna-blanc-gown-01-750x1125.jpg
Nadine Emerald Mini,650.00,BB-14-054E,"New Arrivals,Pre Fall 22,Shop All",https://bronxandbanco.com/wp-content/uploads/2022/07/nadine-emerald-mini-01.jpg
Coco Silver Midi Skirt,550.00,BB-12-0016,"Bridal,New Arrivals,Shop All",https://bronxandbanco.com/wp-content/uploads/2021/06/44A3339-1.jpg
Leo Blanc Gown,680.00,BB-CAP06-21,"Bridal,New Arrivals,Shop All",https://bronxandbanco.com/wp-content/uploads/2022/07/leo-blanc-gown-01-750x1125.jpg
Zebra Mini Dress,395.00,BB-08-0039,"Shop All,Spring 21,Summer 21",https://bronxandbanco.com/wp-content/uploads/2020/12/resort-dresses-fashion-luxury-87.jpg
Feather Blanc Mini Dress,"1,500.00",BB-CAP06-13,"Bridal,New Arrivals,Shop All",https://bronxandbanco.com/wp-content/uploads/2022/07/feather-blanc-mini-dress-01-750x1125.jpg
Issa Blanc Gown,"1,800.00",BB-13-067,"Bridal,New Arrivals,Shop All",https://bronxandbanco.com/wp-content/uploads/2022/07/issa-blanc-gown-01.jpg
Savanna Noir Top,400.00,BB-CAP-06-42,"New Arrivals,Shop All,Summer 21 Runway",https://bronxandbanco.com/wp-content/uploads/2021/01/runway-summer-collection-dresses-nyfw-30.jpg
Stella Emerald Gown,980.00,BB-12-0060,"Fall 21,New Arrivals,Shop All",https://bronxandbanco.com/wp-content/uploads/2021/06/44A2133a.jpg
Cleo Strapless Ruffle Dress,750.00,BB-CAP-06-17,"New Arrivals,Shop All,Summer 21 Runway",https://bronxandbanco.com/wp-content/uploads/2021/01/runway-summer-collection-dresses-nyfw-10.jpg
Afiya Blanc Feather Top,490.00,BB-12-0015,"Bridal,New Arrivals,Shop All",https://bronxandbanco.com/wp-content/uploads/2021/06/44A3339-2.jpg
Merissa Bridal Mini Dress,"1,100.00",BB-CAP06-08,"Bridal,New Arrivals,Shop All",https://bronxandbanco.com/wp-content/uploads/2022/07/merissa-blanc-mini-dress-01-750x1125.jpg
Starlight Noir Gown,880.00,BB-12-0004,"Fall 21,New Arrivals,Shop All",https://bronxandbanco.com/wp-content/uploads/2021/06/44A6664.jpg
Donatella Mini Dress,460.00,BB-08-0020,Spring 21,https://bronxandbanco.com/wp-content/uploads/2020/12/resort-dresses-fashion-luxury-30.jpg
Cleopatra Velvet Emerald Pant,,BB-14-068,"Sale,Shop All",https://bronxandbanco.com/wp-content/uploads/2022/07/cleopatra-velvet-emerald-pant-01.jpg
Mademoiselle Indigo Midi Dress,850.00,BB-12-0027,"Fall 21,New Arrivals,Shop All",https://bronxandbanco.com/wp-content/uploads/2021/06/44A3167.jpg
Sol Dress,"1,100.00",BB-CAP-07-19,"New Arrivals,Summer 22 Runway",https://bronxandbanco.com/wp-content/uploads/2021/09/summer-2022-collection-19.jpg
LuLu Mini Dress,,BB-REV-0009,"New Arrivals,Sale,Shop All",https://bronxandbanco.com/wp-content/uploads/2021/11/BB-REV-0009-_-Front-1.jpg
Alicia Diamond Top,950.00,BB-12-0108,"Fall 21,Fall 21 Runway,New Arrivals,Shop All",https://bronxandbanco.com/wp-content/uploads/2021/06/alicia_diamond_top_01-1.jpg
Midnight Silver Gown,"1,100.00",BB-12-0003,"Bridal,Shop All",https://bronxandbanco.com/wp-content/uploads/2022/07/midnight-silver-gown-01.jpg
Coco x Afiya Dress,950.00,BB-12-0015-16,"Bridal,New Arrivals,Shop All",https://bronxandbanco.com/wp-content/uploads/2022/07/coco-x-afiya-dress-01-1-750x1125.jpg
Venus Blanc Set,850.00,BB-CAP06-14,"Bridal,New Arrivals,Shop All",https://bronxandbanco.com/wp-content/uploads/2022/07/venus-blanc-set-01-750x1125.jpg
Cleopatra White Maxi Dress,750.00,BB-13-004-D,"Bridal,New Arrivals,Shop All",https://bronxandbanco.com/wp-content/uploads/2022/07/cleopatra-white-maxi-dress-01.jpg
Farah Rose Sequins Set,950.00,BB-16-099,"Best Sellers,New Arrivals,Resort 23",https://bronxandbanco.com/wp-content/uploads/2022/09/farah-rose-sequins-set-01-1.jpg
Anna Halterneck Blanc Gown,"1,800.00",BB-CAP06-24,"Bridal,New Arrivals,Shop All",https://bronxandbanco.com/wp-content/uploads/2022/07/anna-halterneck-blanc-gown-01-750x1125.jpg
Zoe Lilac Metallic Gown,550.00,BB-16-100,"Best Sellers,New Arrivals,Resort 23",https://bronxandbanco.com/wp-content/uploads/2022/09/zoe-lilac-metallic-gown-02.png
Anna Baby Pink Tiered Maxi,"1,800.00",BB-16-007,"Best Sellers,New Arrivals,Resort 23",https://bronxandbanco.com/wp-content/uploads/2022/09/anna-baby-pink-tiered-maxi-01-1.jpg
Sasha Halterneck Black Maxi Dress,850.00,BB-16-109,"Best Sellers,New Arrivals,Resort 23",https://bronxandbanco.com/wp-content/uploads/2022/09/sasha-halterneck-black-maxi-dress-01-1.jpg
Palma Orange Multi Gown,"1,100.00",BB-16-034,"Best Sellers,New Arrivals,Resort 23,Shop All",https://bronxandbanco.com/wp-content/uploads/2022/09/palma-orange-multi-gown-0.jpg
Megan Turquoise Mini Dress,480.00,BB-16-061,"Best Sellers,New Arrivals,Resort 23",https://bronxandbanco.com/wp-content/uploads/2022/09/megan-turquoise-mini-dress-01-2.jpg
Florence One Shoulder Gold Gown,700.00,BB-15-053,"Best Sellers,New Arrivals,Resort 23,Shop All",https://bronxandbanco.com/wp-content/uploads/2022/09/florence-one-shoulder-gold-gown-01-2.jpg
Megan Lime Mini Dress,480.00,BB-15-056,"Best Sellers,New Arrivals,Resort 23,Shop All",https://bronxandbanco.com/wp-content/uploads/2022/09/megan-lime-mini-dress-01-1.jpg
Cleopatra Velvet Two Piece,,BB-12-0002,"Sale,Shop All",https://bronxandbanco.com/wp-content/uploads/2021/06/44A7406-1.jpg
Maria Velvet Bodysuit,,BB-12-0008-D,"Sale,Shop All",https://bronxandbanco.com/wp-content/uploads/2021/06/44A3879.jpg
Webb Noir Dress,,BB-REV-0017,"Sale,Shop All",https://bronxandbanco.com/wp-content/uploads/2021/11/webb-noir-dress-01.jpg
Maraya Nude Corset Mini Dress,,BB-12-0094,"Sale,Shop All",https://bronxandbanco.com/wp-content/uploads/2021/06/44A9104.jpg
Mayan Brown Dress,,BB-CAP-07-12,"Sale,Shop All",https://bronxandbanco.com/wp-content/uploads/2021/10/44A1514.jpg
Tulum Dress,,BB-CAP-07-01,"Sale,Shop All",https://bronxandbanco.com/wp-content/uploads/2021/12/44A9469.jpg
Ines Dress,,BB-CAP-07-41,"Sale,Shop All",https://bronxandbanco.com/wp-content/uploads/2021/09/44A2255.jpg
Stella Diamond Velvet Blazer,,BB-12-0096,"Sale,Shop All",https://bronxandbanco.com/wp-content/uploads/2021/07/fall-2021-runaway-09.jpg
Rihanna Velvet Mini Dress,,BB-12-0068,"Sale,Shop All",https://bronxandbanco.com/wp-content/uploads/2021/06/44A3685.jpg
Jamilia Gown,,BB-CAP-06-49,"Sale,Shop All",https://bronxandbanco.com/wp-content/uploads/2021/01/summer-dresses-designer-wear-cocktail-136.jpg
Coco Noir Maxi Skirt,,BB-12-0014,"Sale,Shop All",https://bronxandbanco.com/wp-content/uploads/2021/06/44A3413.jpg
Maya Noir One Shoulder Midi Dress,,BB-12-0005,"Sale,Shop All",https://bronxandbanco.com/wp-content/uploads/2021/06/44A6912-2.jpg
Midnight Maroon Gown,,BB-12-0065,"Sale,Shop All",https://bronxandbanco.com/wp-content/uploads/2021/06/44A2878.jpg
Cleopatra Two Piece Gown,850.00,BB-15-055,"Best Sellers,New Arrivals,Resort 23,Shop All",https://bronxandbanco.com/wp-content/uploads/2022/09/cleopatra-two-piece-gown-01-2.jpg
Lola Sequins Silver Mini Dress,850.00,BB-16-105,"Best Sellers,New Arrivals,Resort 23",https://bronxandbanco.com/wp-content/uploads/2022/09/lola-sequins-silver-mini-dress-01-2.jpg
Casey Beige Mini Dress,850.00,BB-16-089,"Best Sellers,New Arrivals,Resort 23",https://bronxandbanco.com/wp-content/uploads/2022/09/casey-beige-mini-dress-01-2.jpg
Carina Velvet Maxi Dress,,BB-12-0022,"Sale,Shop All",https://bronxandbanco.com/wp-content/uploads/2021/06/44A3472.jpg
Bedouin Multi Mini Dress,590.00,BB-16-110,"New Arrivals,Resort 23",https://bronxandbanco.com/wp-content/uploads/2022/09/Screen-Shot-2023-02-24-at-20932-PM.png
Tulum Copper Dress,,BB-CAP-07-27,"Sale,Shop All",https://bronxandbanco.com/wp-content/uploads/2021/10/44A9681.jpg
Lola One Sleeve Noir Gown,,BB-12-0006,"Sale,Shop All",https://bronxandbanco.com/wp-content/uploads/2021/06/44A6994.jpg
Butterfly Gold Dress,,BB-CAP-07-04,"Sale,Shop All",https://bronxandbanco.com/wp-content/uploads/2021/11/44A2402.jpg
Mayan Copper Dress,,BB-CAP-07-25,"Sale,Shop All",https://bronxandbanco.com/wp-content/uploads/2021/10/44A1479.jpg
Anna Noir Mini Dress,,BB-REV-0001,"Sale,Shop All",https://bronxandbanco.com/wp-content/uploads/2021/11/anna-noir-mini-dress-01.jpg
Chantal Gold Dress,,BB-12-0048,"Sale,Shop All",https://bronxandbanco.com/wp-content/uploads/2021/06/44A2424.jpg
Isle Dress,,BB-CAP-07-36,"Sale,Shop All",https://bronxandbanco.com/wp-content/uploads/2021/10/44A1835.jpg
Caleta Dress,,BB-CAP-07-28,"Sale,Shop All",https://bronxandbanco.com/wp-content/uploads/2021/10/44A2485.jpg
Stella Diamond Noir Gown,,BB-12-0071,"Sale,Shop All",https://bronxandbanco.com/wp-content/uploads/2021/06/44A3527.jpg
Afiya Noir Feather Top,,BB-12-0013,"Sale,Shop All",https://bronxandbanco.com/wp-content/uploads/2021/06/44A3413.jpg
Short Feather Blanc Coat,"1,800.00",BB-15-089,"New Arrivals,Resort 23,Shop All",https://bronxandbanco.com/wp-content/uploads/2023/01/short-feather-blanc-coat-04.jpg
Issa Noir Gown,"1,800.00",BB-12-0110,"Resort 23,Shop All",https://bronxandbanco.com/wp-content/uploads/2023/01/issa-noir-black-01.jpg
Goddess Gold Gown,700.00,BB-12-0047,"Resort 23,Shop All",https://bronxandbanco.com/wp-content/uploads/2023/01/goddess-gold-gown-01.jpg
Nefertiti Indigo Velvelt Gown,,BB-12-0008,"Sale,Shop All",https://bronxandbanco.com/wp-content/uploads/2021/06/44A3249.jpg
Florence Strapless Gold Gown,750.00,BB-12-0072,"Resort 23,Shop All",https://bronxandbanco.com/wp-content/uploads/2023/01/florence-strapless-gold-gown-01.jpg
Xenia Indigo Wrap Dress,880.00,BB-15-083,"New Arrivals,Resort 23,Shop All",https://bronxandbanco.com/wp-content/uploads/2021/09/Xenia-Blue-3.jpeg
Xenia Lilac Wrap Dress,880.00,BB-15-084,"New Arrivals,Resort 23,Shop All",https://bronxandbanco.com/wp-content/uploads/2021/09/Xenia-PinkPurple-1.jpeg
Goddess Metallic Snake Gown,700.00,BB-12-0038SNK,"New Arrivals,Resort 23,Shop All",https://bronxandbanco.com/wp-content/uploads/2023/01/Zoe-Snake-Gown.jpeg
Daphnie Electric Pink Maxi Dress,750.00,BB-16-013,"New Arrivals,Resort 23",https://bronxandbanco.com/wp-content/uploads/2023/01/dahpnie-electric-pink-maxi-dress-01.jpg
Midnight Gold Gown,"1,100.00",BB-13-065,"New Arrivals,Resort 23,Shop All",https://bronxandbanco.com/wp-content/uploads/2023/01/midnight-gold-gown-01.jpg
Jungle Maxi Dress,,BB-13-001,"Sale,Shop All",https://bronxandbanco.com/wp-content/uploads/2021/11/jungle-maxi-dress-01.jpg
Farah Strapless Gown,950.00,BB-16-058,"New Arrivals,Resort 23",https://bronxandbanco.com/wp-content/uploads/2023/01/farah-strapless-gown-01.jpg
Webb Electric Pink Dress,995.00,BB-16-014,"New Arrivals,Resort 23",https://bronxandbanco.com/wp-content/uploads/2023/01/webb-electric-pink-dress-01.jpg
Katherine Midi Dress,850.00,BB-16-056,"New Arrivals,Resort 23",https://bronxandbanco.com/wp-content/uploads/2023/01/katherine-midi-dress-01.jpg
Anna Light Blue Gown,"1,800.00",BB-16-057,"New Arrivals,Resort 23",https://bronxandbanco.com/wp-content/uploads/2023/01/anna-light-blue-gown-01.jpg
Ricky Sequins Neon Yellow Gown,850.00,BB-16-080,"New Arrivals,Resort 23",https://bronxandbanco.com/wp-content/uploads/2023/01/ricky-sequins-neon-yellow-gown-01.jpg
Trudy Gold Mini Dress,750.00,BB-16-088,"New Arrivals,Resort 23",https://bronxandbanco.com/wp-content/uploads/2023/01/trudy-gold-mini-dress-01.jpg
Gina Gold Gown,995.00,BB-16-096,"New Arrivals,Resort 23",https://bronxandbanco.com/wp-content/uploads/2023/01/gina-gold-gown-01.jpg
Webb Feather Mini Dress,"1,200.00",BB-16-097,"New Arrivals,Resort 23",https://bronxandbanco.com/wp-content/uploads/2023/01/webb-feather-mini-dress-01.jpg
Maraya Fuchsia Chameleon Sequin Midi Corset,960.00,BB-16-107,"New Arrivals,Resort 23",https://bronxandbanco.com/wp-content/uploads/2023/01/maraya-fuchsia-chameleon-sequin-midi-corset-01.jpg
Valerie Metallic Rose Gown,850.00,BB-16-025,"New Arrivals,Resort 23",https://bronxandbanco.com/wp-content/uploads/2023/01/valerie-metallic-rose-gown-02.jpg
Gina Pink Gown,995.00,BB-16-002,"New Arrivals,Resort 23",https://bronxandbanco.com/wp-content/uploads/2023/01/gina-pink-gown-01.jpg
Caroline Pink Mini,650.00,BB-16-001,"New Arrivals,Resort 23",https://bronxandbanco.com/wp-content/uploads/2023/01/caroline-pink-mini-01.jpg
Megan Pink Mini Dress,480.00,BB-16-004,"New Arrivals,Resort 23",https://bronxandbanco.com/wp-content/uploads/2023/01/megan-pink-mini-dress-01.jpg
Electric Pink Maxi Dress,600.00,BB-16-011,"New Arrivals,Resort 23",https://bronxandbanco.com/wp-content/uploads/2023/01/electric-pink-maxi-dress-01.jpg
Rico Electric Pink Mini Dress,850.00,BB-16-012,"New Arrivals,Resort 23",https://bronxandbanco.com/wp-content/uploads/2023/01/rico-electric-pink-mini-dress-01.jpg
Capri Electric Pink Blazer,575.00,BB-16-021,"New Arrivals,Resort 23",https://bronxandbanco.com/wp-content/uploads/2023/01/capri-electric-pink-blazer-01.jpg
Capri Electric Pink Bralette,280.00,BB-16-022,"New Arrivals,Resort 23",https://bronxandbanco.com/wp-content/uploads/2023/01/capri-electric-pink-bralette-01.jpg
Capri Electric Pink Short,360.00,BB-16-023,"New Arrivals,Resort 23",https://bronxandbanco.com/wp-content/uploads/2023/01/capri-electric-pink-short-01.jpg
Nadine Hot Pink Mini Dress,650.00,BB-14-054P,"New Arrivals,Resort 23",https://bronxandbanco.com/wp-content/uploads/2022/09/nadine-hot-pink-mini-dress-01-1.jpg
Sonny Metallic Rose Gown,750.00,BB-16-024,"New Arrivals,Resort 23",https://bronxandbanco.com/wp-content/uploads/2023/01/sonny-metallic-rose-gown-01.jpg
Capri Neon Pink Sequin Blazer,750.00,BB-15-042-D,"New Arrivals,Resort 23",https://bronxandbanco.com/wp-content/uploads/2023/01/capri-neon-pink-sequin-blazer-01.jpg
Maraya Neon Pink Mini Dress,850.00,BB-16-028,"New Arrivals,Resort 23",https://bronxandbanco.com/wp-content/uploads/2023/01/maraya-neon-pink-mini-dress-01.jpg
Capri Neon Pink Sequin Shorts,450.00,BB-15-086,"New Arrivals,Resort 23",https://bronxandbanco.com/wp-content/uploads/2023/01/capri-neon-pink-sequin-bralette-01.jpg
Maya Multicolor Bodycon,550.00,BB-16-042,"New Arrivals,Resort 23",https://bronxandbanco.com/wp-content/uploads/2023/01/maya-multicolor-bodycon-01.jpg
Capri Neon Pink Sequin Bralette,250.00,BB-15-043-D,"New Arrivals,Resort 23",https://bronxandbanco.com/wp-content/uploads/2023/01/capri-neon-pink-sequin-bralette-01.jpg
Maya Multicolor Robe,650.00,BB-16-041,"New Arrivals,Resort 23",https://bronxandbanco.com/wp-content/uploads/2023/01/maya-multicolor-robe-01.jpg
Capri Linen Beige Blazer,575.00,BB-16-091,"New Arrivals,Resort 23",https://bronxandbanco.com/wp-content/uploads/2023/01/capri-linen-beige-blazer-01.jpg
Capri Linen Beige Shorts,360.00,BB-16-093,"New Arrivals,Resort 23",https://bronxandbanco.com/wp-content/uploads/2023/01/cateye-linen-beige-bralette-01.jpg
Cateye Linen Beige Bralette,220.00,BB-16-092,"New Arrivals,Resort 23",https://bronxandbanco.com/wp-content/uploads/2023/01/cateye-linen-beige-bralette-01.jpg
Naomi Beige Set,750.00,BB-16-094,"New Arrivals,Resort 23",https://bronxandbanco.com/wp-content/uploads/2023/01/naomi-beige-set-01.jpg
Butterfly Light Gold Midi Dress,950.00,BB-16-095,"New Arrivals,Resort 23",https://bronxandbanco.com/wp-content/uploads/2023/01/butterfly-light-gold-midi-dress-01.jpg
Hanna Miami Gown,850.00,BB-16-018,"New Arrivals,Resort 23",https://bronxandbanco.com/wp-content/uploads/2022/09/hanna-miami-gown-01-1.jpg
Nadine Miami V Neck Mini Dress,650.00,BB-16-016,"New Arrivals,Resort 23",https://bronxandbanco.com/wp-content/uploads/2023/01/nadine-miami-v-neck-mini-dress-01.jpg
Maraya Nude Sequin Midi Corset,960.00,BB-15-001N,"New Arrivals,Resort 23",https://bronxandbanco.com/wp-content/uploads/2023/01/maraya-nude-sequin-midi-corset-01.jpg
Britney Denim Blazer,575.00,BB-16-047,"New Arrivals,Resort 23",https://bronxandbanco.com/wp-content/uploads/2023/01/britney-denim-blazer-01.jpg
Jafari Coral Gown,950.00,BB-16-033,"New Arrivals,Resort 23",https://bronxandbanco.com/wp-content/uploads/2023/01/jafari-coral-gown-01.jpg
Capri Denim Bralette,280.00,BB-16-048,"New Arrivals,Resort 23",https://bronxandbanco.com/wp-content/uploads/2023/01/capri-denim-bralette-01.jpg
Capri Denim Short,360.00,BB-16-049,"New Arrivals,Resort 23",https://bronxandbanco.com/wp-content/uploads/2023/01/capri-denim-bralette-01.jpg
Daphne Multicolor Tie Dye Maxi Dress,450.00,BB-16-072,"New Arrivals,Resort 23,Shop All",https://bronxandbanco.com/wp-content/uploads/2023/01/daphne-multicolor-tie-dye-maxi-dress-01.jpg
Maraya Denim Diamond Mini Dress,850.00,BB-16-050,"New Arrivals,Resort 23",https://bronxandbanco.com/wp-content/uploads/2023/01/maraya-denim-diamond-mini-dress-01.jpg
Dalia Green One Shoulder Knit Dress,695.00,BB-16-078,"New Arrivals,Resort 23",https://bronxandbanco.com/wp-content/uploads/2023/01/dalia-green-one-shoulder-knit-dress-01.jpg
Cleo Lime Set,650.00,BB-16-073,"New Arrivals,Resort 23",https://bronxandbanco.com/wp-content/uploads/2023/01/cleo-lime-set-01.jpg
Jamilia Gold Gown,"1,200.00",BB-16-085,"New Arrivals,Resort 23",https://bronxandbanco.com/wp-content/uploads/2023/01/jamilia-gold-gown-01.jpg
Izzy Yellow Halterneck Mini Dress,950.00,BB-16-081,"New Arrivals,Resort 23",https://bronxandbanco.com/wp-content/uploads/2023/01/izzy-yellow-halterneck-mini-dress-01.jpg
Anna Yellow Mini Dress,650.00,BB-16-082,"New Arrivals,Resort 23",https://bronxandbanco.com/wp-content/uploads/2023/01/anna-yellow-mini-dress-01.jpg
Anna One Shoulder Yellow Tiered Gown,"1,800.00",BB-16-083,"New Arrivals,Resort 23",https://bronxandbanco.com/wp-content/uploads/2023/01/anna-one-shoulder-yellow-tiered-gown-01.jpg
Anna Baby Pink Tiered Mini,750.00,BB-16-006,"New Arrivals,Resort 23",https://bronxandbanco.com/wp-content/uploads/2022/09/anna-baby-pink-tiered-mini-01-1.jpg
Issa Coral and Lilac Gown,"1,800.00",BB-16-003,"New Arrivals,Resort 23",https://bronxandbanco.com/wp-content/uploads/2023/01/issa-coral-and-lilac-gown-01.jpg
Sasha Halterneck Baby Pink Maxi,850.00,BB-16-010,"New Arrivals,Resort 23",https://bronxandbanco.com/wp-content/uploads/2023/01/sasha-halterneck-baby-pink-maxi-01.jpg
Tulum Baby Pink Dress,950.00,BB-16-009,"New Arrivals,Resort 23",https://bronxandbanco.com/wp-content/uploads/2022/09/tulum-baby-pink-dress-01-1.jpg
Cleopatra Electric Pink Multi Gown,680.00,BB-16-020,"New Arrivals,Resort 23",https://bronxandbanco.com/wp-content/uploads/2023/01/cleopatra-electric-pink-multi-gown-01.jpg
Hanna Coral Multi Gown,950.00,BB-16-031,"New Arrivals,Resort 23",https://bronxandbanco.com/wp-content/uploads/2023/01/hanna-coral-multi-gown-01.jpg
Florence Halterneck Metallic Coral Gown,950.00,BB-16-035,"New Arrivals,Resort 23",https://bronxandbanco.com/wp-content/uploads/2023/01/florence-halterneck-metallic-coral-gown-01.jpg
Luna Turquoise Set,750.00,BB-16-059,"New Arrivals,Resort 23",https://bronxandbanco.com/wp-content/uploads/2023/01/luna-turquoise-set-01.jpg
Mimi Turquoise Midi,850.00,BB-16-060,"New Arrivals,Resort 23",https://bronxandbanco.com/wp-content/uploads/2023/01/mimi-turquoise-midi-01.jpg
Aphrodite Light Blue Gown,780.00,BB-16-055,"New Arrivals,Resort 23",https://bronxandbanco.com/wp-content/uploads/2023/01/aphrodite-light-blue-gown-01.jpg
Megan Turquoise Maxi Dress,760.00,BB-16-112,"New Arrivals,Resort 23",https://bronxandbanco.com/wp-content/uploads/2022/09/Screen-Shot-2023-03-10-at-125337-PM.png
Cleopatra Light Blue Multi Gown,680.00,BB-16-065,"New Arrivals,Resort 23",https://bronxandbanco.com/wp-content/uploads/2023/01/cleopatra-light-blue-multi-gown-01.jpg
Nadia V- Neck Neon Mint Mini Dress,550.00,BB-16-067,"New Arrivals,Resort 23",https://bronxandbanco.com/wp-content/uploads/2023/01/nadia-v-neck-neon-mint-mini-dress-02.jpg
Nadia Neon Mint Midi Dress,650.00,BB-16-068,"New Arrivals,Resort 23",https://bronxandbanco.com/wp-content/uploads/2023/01/nadia-neon-mint-midi-dress-01.jpg
Anna Halterneck Neon Mint Tiered Gown,"1,800.00",BB-16-069,"New Arrivals,Resort 23",https://bronxandbanco.com/wp-content/uploads/2023/01/anna-halterneck-neon-mint-tiered-gown-01.jpg
Webb Neon Green Dress,995.00,BB-16-070,"New Arrivals,Resort 23",https://bronxandbanco.com/wp-content/uploads/2023/01/webb-neon-green-dress-01.jpg
Capri Linen Mint Blazer,575.00,BB-16-074,"New Arrivals,Resort 23",https://bronxandbanco.com/wp-content/uploads/2022/09/capri-linen-mint-blazer-01-2.jpg
Cateye Linen Mint Blazer,220.00,BB-16-075,"New Arrivals,Resort 23",https://bronxandbanco.com/wp-content/uploads/2023/01/cateye-linen-mint-blazer-01.jpg
Selma Multi Mini Dress,850.00,BB-16-108,"New Arrivals,Resort 23",https://bronxandbanco.com/wp-content/uploads/2023/01/selma-multi-mini-dress-01.jpg
Capri Linen Mint Shorts,360.00,BB-16-076,"New Arrivals,Resort 23",https://bronxandbanco.com/wp-content/uploads/2023/01/cateye-linen-mint-blazer-01.jpg
Haba Coral Maxi Dress,650.00,BB-16-036,"New Arrivals,Resort 23",https://bronxandbanco.com/wp-content/uploads/2023/01/haba-coral-maxi-dress-01.jpg
Cateye Coral Linen Bralette,220.00,BB-16-037,"New Arrivals,Resort 23",https://bronxandbanco.com/wp-content/uploads/2023/01/cateye-coral-linen-bralette-01.jpg
Capri Linen Coral Blazer,575.00,BB-16-039,"New Arrivals,Resort 23",https://bronxandbanco.com/wp-content/uploads/2023/01/capri-linen-coral-blazer-01.jpg
Issa Electric Pink Ombre Gown,"1,800.00",BB-16-030,"New Arrivals,Resort 23",https://bronxandbanco.com/wp-content/uploads/2022/09/issa-electric-pink-ombre-gown-01-1.jpg
Webb Baby Blue Dress,995.00,BB-16-062,"New Arrivals,Resort 23",https://bronxandbanco.com/wp-content/uploads/2023/01/webb-baby-blue-dress-01.jpg
Capri Linen Coral Shorts,360.00,BB-16-038,"New Arrivals,Resort 23",https://bronxandbanco.com/wp-content/uploads/2023/01/cateye-coral-linen-bralette-01.jpg
Jamilia Light Blue Maxi Dress,950.00,BB-16-063,"New Arrivals,Resort 23",https://bronxandbanco.com/wp-content/uploads/2023/01/jamilia-light-blue-maxi-dress-01.jpg
Haba Sky Blue Maxi Dress,690.00,BB-16-051,"New Arrivals,Resort 23",https://bronxandbanco.com/wp-content/uploads/2022/09/haba-sky-blue-maxi-dress-01-1.jpg
Issa Light Blue Two Piece Set,950.00,BB-16-064,"New Arrivals,Resort 23",https://bronxandbanco.com/wp-content/uploads/2022/09/issa-light-blue-two-piece-set-01-1.jpg
Butterfly Lime Midi Dress,950.00,BB-16-071,"New Arrivals,Resort 23",https://bronxandbanco.com/wp-content/uploads/2023/01/butterfly-lime-midi-dress-01.jpg
Naomi Halterneck Linen Mint Maxi Dress,840.00,BB-16-077,"New Arrivals,Resort 23",https://bronxandbanco.com/wp-content/uploads/2023/01/naomi-halterneck-linen-mint-maxi-dress-01.jpg
Goddess Neon Yellow Gown,700.00,BB-16-079,"New Arrivals,Resort 23",https://bronxandbanco.com/wp-content/uploads/2022/09/goddess-neon-yellow-gown-01-1.jpg
Jamilia Mustard Linen Gown,890.00,BB-16-084,"New Arrivals,Resort 23",https://bronxandbanco.com/wp-content/uploads/2023/01/jamilia-mustard-linen-gown-01.jpg
Webb Lilac Dress,995.00,BB-16-101,"New Arrivals,Resort 23",https://bronxandbanco.com/wp-content/uploads/2022/09/webb-lilac-dress-01-1.jpg
Mimi Lilac Midi Dress,850.00,BB-16-102,"New Arrivals,Resort 23",https://bronxandbanco.com/wp-content/uploads/2023/01/mimi-lilac-midi-dress-01.jpg
Lilac Maxi Dress,600.00,BB-16-103,"New Arrivals,Resort 23",https://bronxandbanco.com/wp-content/uploads/2022/09/lilac-maxi-dress-01-1.jpg
Jamilia Multicolor One Shoulder Gown,"1,200.00",BB-16-104,"New Arrivals,Resort 23",https://bronxandbanco.com/wp-content/uploads/2023/01/jamilia-multicolor-one-shoulder-gown-01.jpg
Zizi Blue Playsuit,980.00,BB-15-076,"New Arrivals,Resort 23,Shop All",https://bronxandbanco.com/wp-content/uploads/2023/01/zizi-blue-playsuit-01.jpg
Farah Rose Sequins Mini Dress,"1,700.00",BB-16-098,"New Arrivals,Resort 23",https://bronxandbanco.com/wp-content/uploads/2023/01/farah-rose-sequins-mini-dress-01.jpg
Farah Mini Dress,690.00,BB-16-106,"New Arrivals,Resort 23",https://bronxandbanco.com/wp-content/uploads/2023/01/farah-mini-dress-01.jpg
Florence Strapless Emerald Gown,750.00,BB-16-054EM,"New Arrivals,Resort 23,Shop All",https://bronxandbanco.com/wp-content/uploads/2023/03/44A5276.jpg
Jafari One Sleeve Gold Metal Gown,"1,150.00",BB-16-086,"New Arrivals,Resort 23",https://bronxandbanco.com/wp-content/uploads/2022/09/jafari-one-sleeve-gold-metal-gown-01-1.jpg
Mimi Gold Metal Midi Dress,850.00,BB-16-087,"New Arrivals,Resort 23",https://bronxandbanco.com/wp-content/uploads/2022/09/mimi-gold-metal-midi-dress-01-1.jpg
Florence Strapless Metallic Red Gown,750.00,BB-16-054MR,"New Arrivals,Resort 23,Shop All",https://bronxandbanco.com/wp-content/uploads/2023/03/44A5203.jpg
Capri Lime Blazer,575.00,BB-08-0032,"New Arrivals,Shop All,Summer 21",https://bronxandbanco.com/wp-content/uploads/2020/12/resort-dresses-fashion-luxury-52.jpg
Lola Noir Sheer Feather Gown,,BB-10-0015,"Sale,Shop All",https://bronxandbanco.com/wp-content/uploads/2020/08/womens-fall-dresses-designer-428-750x1123.jpg
Megan Rose Maxi Dress,,BB-07-27,"Sale,Shop All",https://bronxandbanco.com/wp-content/uploads/2020/12/spring-dresses-2021-designer-wear-21.jpg
Rumi Lime Mini Dress,550.00,BB-08-0036,"Shop All,Summer 21",https://bronxandbanco.com/wp-content/uploads/2020/12/resort-dresses-fashion-luxury-70.jpg
Leah Dress,,BB-CAP-06-04,"Bridal,Shop All",https://bronxandbanco.com/wp-content/uploads/2021/01/summer-dresses-designer-wear-cocktail-92.jpg
Feather Long Robe,"1,195.00",BB-CAP05-19,"Bridal,Shop All",https://bronxandbanco.com/wp-content/uploads/2022/07/feather-long-robe-01.jpg
Capri Linen Sky Blazer,650.00,BB-CAP-06-12,"New Arrivals,Shop All,Summer 21 Runway",https://bronxandbanco.com/wp-content/uploads/2021/01/runway-summer-collection-dresses-nyfw-5.jpg
Stella Bridal Gown,980.00,BB-CAP05-09,"Bridal,Shop All",https://bronxandbanco.com/wp-content/uploads/2020/07/bridal-dresses-sexy-225-750x1125.jpg
Lola Blanc Sheer Feather Gown,"1,275.00",BB-CAP05-08,"Bridal,Shop All",https://bronxandbanco.com/wp-content/uploads/2020/07/bridal-dresses-sexy-263-750x1125.jpg
Lola Blanc Feather Jumpsuit,700.00,BB-CAP05-07,"Bridal,Shop All",https://bronxandbanco.com/wp-content/uploads/2020/07/bridal-dresses-sexy-254-750x1125.jpg
Eva Bridal Gown,,BB-CAP04-8,"Bridal,Sale,Shop All",https://bronxandbanco.com/wp-content/uploads/2019/10/bronx-and-banco-bridal-collection-129-750x1125.jpg
Starlight Gown,880.00,BB-10-0020,"Fall 20,Shop All",https://bronxandbanco.com/wp-content/uploads/2020/08/womens-fall-dresses-designer-440-750x1123.jpg
Zebra Silk Blouse,295.00,BB-08-0040,"Shop All,Spring 21,Summer 21",https://bronxandbanco.com/wp-content/uploads/2020/12/resort-dresses-fashion-luxury-95.jpg
Donatella Bralette Sequin,,BB-10-0040,"Fall 20,Shop All",https://bronxandbanco.com/wp-content/uploads/2020/08/womens-fall-dresses-designer-431-750x1122.jpg
Mademoiselle Bridal Midi Dress,880.00,BB-CAP04-6,"Bridal,Shop All",https://bronxandbanco.com/wp-content/uploads/2019/10/44A6687.jpg
Twiggy Blazer,450.00,BB-07-11,"Shop All,Spring 21",https://bronxandbanco.com/wp-content/uploads/2020/12/spring-dresses-2021-designer-wear-3.jpg
Chain Maxi Skirt,355.00,BB-07-07,"Shop All,Spring 21",https://bronxandbanco.com/wp-content/uploads/2020/12/spring-dresses-2021-designer-wear-6.jpg
Ghana Gown,"1,400.00",BB-17-003,"New Arrivals,Shop All,Summer 23",https://bronxandbanco.com/wp-content/uploads/2022/09/ghana-gown-01.jpg
Taraji Cream Gown,"1,100.00",BB-17-002,"New Arrivals,Shop All,Summer 23",https://bronxandbanco.com/wp-content/uploads/2022/09/taraji-cream-gown-01.jpg
Morocco Issa Maxi,"4,500.00",BB-17-005,"New Arrivals,Shop All,Summer 23",https://bronxandbanco.com/wp-content/uploads/2022/09/morocco-issa-maxi-01.jpg
Nia Cream Strapless Gown,"1,100.00",BB-17-006,"New Arrivals,Shop All,Summer 23",https://bronxandbanco.com/wp-content/uploads/2022/09/nia-cream-strapless-gown-01.jpg
Somalia Cream One Shoulder Gown,"3,500.00",BB-17-007,"New Arrivals,Shop All,Summer 23",https://bronxandbanco.com/wp-content/uploads/2022/09/somalia-cream-one-shoulder-gown-01.jpg
Somalia Cream Skirt,"2,200.00",BB-17-009,"New Arrivals,Shop All,Summer 23",https://bronxandbanco.com/wp-content/uploads/2022/09/somalia-cream-skirt-01.jpg
Somalia Cream Top,350.00,BB-17-008,"New Arrivals,Shop All,Summer 23",https://bronxandbanco.com/wp-content/uploads/2022/09/somalia-cream-top-01.jpg
Ameena Cut Out Halter Neck Gown,750.00,BB-17-015,"New Arrivals,Shop All,Summer 23",https://bronxandbanco.com/wp-content/uploads/2022/09/ameena-cut-out-halter-neck-gown-01.jpg
Adana Gown,950.00,BB-17-013,"New Arrivals,Shop All,Summer 23",https://bronxandbanco.com/wp-content/uploads/2022/09/adana-gown-01.jpg
Amari Gown,950.00,BB-17-014,"New Arrivals,Shop All,Summer 23",https://bronxandbanco.com/wp-content/uploads/2022/09/amari-gown-01.jpg
Egypt Gown,750.00,BB-17-018,"New Arrivals,Shop All,Summer 23",https://bronxandbanco.com/wp-content/uploads/2022/09/egypt-gown-01.jpg
Ezra Two Piece Set,850.00,BB-17-019,"New Arrivals,Shop All,Summer 23",https://bronxandbanco.com/wp-content/uploads/2022/09/ezra-two-piece-set-01.jpg
Giza Gown,"1,800.00",BB-17-020T,"New Arrivals,Shop All,Summer 23",https://bronxandbanco.com/wp-content/uploads/2022/09/giza-gown-01.jpg
Giza Gown,"1,800.00",BB-17-020,"New Arrivals,Shop All,Summer 23",https://bronxandbanco.com/wp-content/uploads/2022/09/giza-gown-01.jpg
